SET FOREIGN_KEY_CHECKS = 0;

TRUNCATE TABLE `reqbaz`.`users`;
TRUNCATE TABLE `reqbaz`.`projects`;
TRUNCATE TABLE `reqbaz`.`components`;
TRUNCATE TABLE `reqbaz`.`requirements`;
TRUNCATE TABLE `reqbaz`.`tags`;
TRUNCATE TABLE `reqbaz`.`project_follower`;
TRUNCATE TABLE `reqbaz`.`component_follower`;
TRUNCATE TABLE `reqbaz`.`requirement_follower`;
TRUNCATE TABLE `reqbaz`.`developers`;
TRUNCATE TABLE `reqbaz`.`comments`;
TRUNCATE TABLE `reqbaz`.`attachments`;
TRUNCATE TABLE `reqbaz`.`votes`;
TRUNCATE TABLE `reqbaz`.`roles`;
TRUNCATE TABLE `reqbaz`.`privileges`;
TRUNCATE TABLE `reqbaz`.`role_privilege`;
TRUNCATE TABLE `reqbaz`.`role_role`;
TRUNCATE TABLE `reqbaz`.`user_role`;

REPLACE INTO `reqbaz`.`users`
(`Id`, `first_name`, `last_name`, `email`, `admin`, `Las2peer_Id`, `user_name`, `profile_image`, `email_lead_items`, `email_follow_items`)
VALUES
  (1, NULL, NULL, 'anonymous@requirements-bazaar.org', 0, '-1722613621014065292', 'anonymous',
   'https://api.learning-layers.eu/profile.png', 0, 0),
  (2, 'Max1', 'Mustermann1', 'Max@Mustermann1.de', 0, 1, 'MaxMustermann1', 'https://api.learning-layers.eu/profile.png', 0, 0),
  (3, 'Max2', 'Mustermann2', 'Max@Mustermann2.de', 0, 2, 'MaxMustermann2', 'https://api.learning-layers.eu/profile.png', 0, 0),
  (4, 'Max3', 'Mustermann3', 'Max@Mustermann3.de', 0, 3, 'MaxMustermann3', 'https://api.learning-layers.eu/profile.png', 0, 0),
  (5, 'Max4', 'Mustermann4', 'Max@Mustermann4.de', 0, 4, 'MaxMustermann4', 'https://api.learning-layers.eu/profile.png', 0, 0),
  (6, 'Max5', 'Mustermann5', 'Max@Mustermann5.de', 0, 5, 'MaxMustermann5', 'https://api.learning-layers.eu/profile.png', 0, 0),
  (7, 'Max6', 'Mustermann6', 'Max@Mustermann6.de', 0, 6, 'MaxMustermann6', 'https://api.learning-layers.eu/profile.png', 0, 0),
  (8, 'Max7', 'Mustermann7', 'Max@Mustermann7.de', 0, 7, 'MaxMustermann7', 'https://api.learning-layers.eu/profile.png', 0, 0),
  (9, 'Max8', 'Mustermann8', 'Max@Mustermann8.de', 0, 8, 'MaxMustermann8', 'https://api.learning-layers.eu/profile.png', 0, 0),
  (10, 'Max9', 'Mustermann9', 'Max@Mustermann9.de', 0, 9, 'MaxMustermann9', 'https://api.learning-layers.eu/profile.png', 0, 0),
  (11, 'Max10', 'Mustermann10', 'Max@Mustermann10.de', 0, 10, 'MaxMustermann10', 'https://api.learning-layers.eu/profile.png', 0, 0),
  (12, 'Max11', 'Mustermann11', 'Max@Mustermann11.de', 0, 11, 'MaxMustermann11', 'https://api.learning-layers.eu/profile.png', 0, 0),
  (13, 'Max12', 'Mustermann12', 'Max@Mustermann12.de', 0, 12, 'MaxMustermann12', 'https://api.learning-layers.eu/profile.png', 0, 0),
  (14, 'Max13', 'Mustermann13', 'Max@Mustermann13.de', 0, 13, 'MaxMustermann13', 'https://api.learning-layers.eu/profile.png', 0, 0),
  (15, 'Max14', 'Mustermann14', 'Max@Mustermann14.de', 0, 14, 'MaxMustermann14', 'https://api.learning-layers.eu/profile.png', 0, 0),
  (16, 'Max15', 'Mustermann15', 'Max@Mustermann15.de', 0, 15, 'MaxMustermann15', 'https://api.learning-layers.eu/profile.png', 0, 0),
  (17, 'Max16', 'Mustermann16', 'Max@Mustermann16.de', 0, 16, 'MaxMustermann16', 'https://api.learning-layers.eu/profile.png', 0, 0),
  (18, 'Max17', 'Mustermann17', 'Max@Mustermann17.de', 0, 17, 'MaxMustermann17', 'https://api.learning-layers.eu/profile.png', 0, 0),
  (19, 'Max18', 'Mustermann18', 'Max@Mustermann18.de', 0, 18, 'MaxMustermann18', 'https://api.learning-layers.eu/profile.png', 0, 0),
  (20, 'Max19', 'Mustermann19', 'Max@Mustermann19.de', 0, 19, 'MaxMustermann19', 'https://api.learning-layers.eu/profile.png', 0, 0),
  (21, 'Max20', 'Mustermann20', 'Max@Mustermann20.de', 0, 20, 'MaxMustermann20', 'https://api.learning-layers.eu/profile.png', 0, 0),
  (22, 'Max21', 'Mustermann21', 'Max@Mustermann21.de', 0, 21, 'MaxMustermann21', 'https://api.learning-layers.eu/profile.png', 0, 0),
  (23, 'Max22', 'Mustermann22', 'Max@Mustermann22.de', 0, 22, 'MaxMustermann22', 'https://api.learning-layers.eu/profile.png', 0, 0),
  (24, 'Max23', 'Mustermann23', 'Max@Mustermann23.de', 0, 23, 'MaxMustermann23', 'https://api.learning-layers.eu/profile.png', 0, 0),
  (25, 'Max24', 'Mustermann24', 'Max@Mustermann24.de', 0, 24, 'MaxMustermann24', 'https://api.learning-layers.eu/profile.png', 0, 0),
  (26, 'Max25', 'Mustermann25', 'Max@Mustermann25.de', 0, 25, 'MaxMustermann25', 'https://api.learning-layers.eu/profile.png', 0, 0),
  (27, 'Max26', 'Mustermann26', 'Max@Mustermann26.de', 0, 26, 'MaxMustermann26', 'https://api.learning-layers.eu/profile.png', 0, 0),
  (28, 'Max27', 'Mustermann27', 'Max@Mustermann27.de', 0, 27, 'MaxMustermann27', 'https://api.learning-layers.eu/profile.png', 0, 0),
  (29, 'Max28', 'Mustermann28', 'Max@Mustermann28.de', 0, 28, 'MaxMustermann28', 'https://api.learning-layers.eu/profile.png', 0, 0),
  (30, 'Max29', 'Mustermann29', 'Max@Mustermann29.de', 0, 29, 'MaxMustermann29', 'https://api.learning-layers.eu/profile.png', 0, 0),
  (31, 'Max30', 'Mustermann30', 'Max@Mustermann30.de', 0, 30, 'MaxMustermann30', 'https://api.learning-layers.eu/profile.png', 0, 0),
  (32, 'Max31', 'Mustermann31', 'Max@Mustermann31.de', 0, 31, 'MaxMustermann31', 'https://api.learning-layers.eu/profile.png', 0, 0),
  (33, 'Max32', 'Mustermann32', 'Max@Mustermann32.de', 0, 32, 'MaxMustermann32', 'https://api.learning-layers.eu/profile.png', 0, 0),
  (34, 'Max33', 'Mustermann33', 'Max@Mustermann33.de', 0, 33, 'MaxMustermann33', 'https://api.learning-layers.eu/profile.png', 0, 0),
  (35, 'Max34', 'Mustermann34', 'Max@Mustermann34.de', 0, 34, 'MaxMustermann34', 'https://api.learning-layers.eu/profile.png', 0, 0),
  (36, 'Max35', 'Mustermann35', 'Max@Mustermann35.de', 0, 35, 'MaxMustermann35', 'https://api.learning-layers.eu/profile.png', 0, 0),
  (37, 'Max36', 'Mustermann36', 'Max@Mustermann36.de', 0, 36, 'MaxMustermann36', 'https://api.learning-layers.eu/profile.png', 0, 0),
  (38, 'Max37', 'Mustermann37', 'Max@Mustermann37.de', 0, 37, 'MaxMustermann37', 'https://api.learning-layers.eu/profile.png', 0, 0),
  (39, 'Max38', 'Mustermann38', 'Max@Mustermann38.de', 0, 38, 'MaxMustermann38', 'https://api.learning-layers.eu/profile.png', 0, 0),
  (40, 'Max39', 'Mustermann39', 'Max@Mustermann39.de', 0, 39, 'MaxMustermann39', 'https://api.learning-layers.eu/profile.png', 0, 0),
  (41, 'Max40', 'Mustermann40', 'Max@Mustermann40.de', 0, 40, 'MaxMustermann40', 'https://api.learning-layers.eu/profile.png', 0, 0);

REPLACE INTO `reqbaz`.`projects`
(`Id`, `name`, `description`, `visibility`, `Leader_Id`, `Default_Components_Id`)
VALUES
  (1, 'Project 1', 'Project 1 - 26 components - This project is public - Leader MaxMustermann1', '+', 2, 1),
  (2, 'Project 2', 'Project 2 - 41 components - This project is public - Leader MaxMustermann1', '+', 2, 2),
  (3, 'Project 3', 'Project 3 - This project is public - Leader MaxMustermann1', '+', 2, 3),
  (4, 'Project 4', 'Project 4 - This project is public - Leader MaxMustermann2', '+', 3, 4),
  (5, 'Project 5', 'Project 5 - This project is public - Leader MaxMustermann3', '+', 3, 5),
  (6, 'Project 6', 'Project 6 - This project is public - Leader MaxMustermann4', '+', 5, 6),
  (7, 'Project 7', 'Project 7 - This project is public - Leader MaxMustermann5', '+', 6, 7),
  (8, 'Project 8', 'Project 8 - This project is public - Leader MaxMustermann6', '+', 7, 8),
  (9, 'Project 9', 'Project 9 - This project is public - Leader MaxMustermann7', '+', 8, 9),
  (10, 'Project 10', 'Project 10 - This project is public - Leader MaxMustermann8', '+', 9, 10),
  (11, 'Project 11', 'Project 11 - This project is public - Leader MaxMustermann8', '+', 9, 11),
  (12, 'Project 12', 'Project 12 - This project is public - Leader MaxMustermann8', '+', 9, 12),
  (13, 'Project 13', 'Project 13 - This project is public - Leader MaxMustermann8', '+', 9, 13),
  (14, 'Project 14', 'Project 14 - This project is public - Leader MaxMustermann8', '+', 9, 14),
  (15, 'Project 15', 'Project 15 - This project is public - Leader MaxMustermann8', '+', 9, 15),
  (16, 'Project 16', 'Project 16 - This project is public - Leader MaxMustermann8', '+', 9, 16),
  (17, 'Project 17', 'Project 17 - This project is public - Leader MaxMustermann8', '+', 9, 17),
  (18, 'Project 18', 'Project 18 - This project is public - Leader MaxMustermann8', '+', 9, 18),
  (19, 'Project 19', 'Project 19 - This project is public - Leader MaxMustermann8', '+', 9, 19),
  (20, 'Project 20', 'Project 20 - This project is public - Leader MaxMustermann8', '+', 9, 20),
  (21, 'Project 21', 'Project 21 - This project is private - Leader MaxMustermann8', '-', 9, 21),
  (22, 'Project 22', 'Project 22 - This project is private - Leader MaxMustermann8', '-', 9, 22),
  (23, 'Project 23', 'Project 23 - This project is private - Leader MaxMustermann8', '-', 9, 23),
  (24, 'Project 24', 'Project 24 - This project is private - Leader MaxMustermann8', '-', 9, 24),
  (25, 'Project 25', 'Project 25 - This project is private - Leader MaxMustermann8', '-', 9, 25);

REPLACE INTO `reqbaz`.`components`
(`Id`, `name`, `description`, `Project_Id`, `Leader_Id`)
VALUES
  (1, 'Default-P1',
   'Default component for Project 1 - 1. Component of Project 1 - 30 unrealized Requirements - Leader MaxMustermann1',
   1, 2),
  (2, 'Default-P2', 'Default component for Project 2 - 1. Component of Project 2 - 10 unrealized Requirements and 10 realized Requirements - Leader MaxMustermann1', 2, 2),
  (3, 'Default-P3', 'Default component for Project 3 - 1. Component of Project 3 - Leader MaxMustermann1', 3, 2),
  (4, 'Default-P4', 'Default component for Project 4 - 1. Component of Project 4 - Leader MaxMustermann1', 4, 2),
  (5, 'Default-P5', 'Default component for Project 5 - 1. Component of Project 5 - Leader MaxMustermann2', 5, 3),
  (6, 'Default-P6', 'Default component for Project 6 - 1. Component of Project 6 - Leader MaxMustermann3', 6, 4),
  (7, 'Default-P7', 'Default component for Project 7 - 1. Component of Project 7 - Leader MaxMustermann4', 7, 5),
  (8, 'Default-P8', 'Default component for Project 8 - 1. Component of Project 8 - Leader MaxMustermann5', 8, 6),
  (9, 'Default-P9', 'Default component for Project 9 - 1. Component of Project 9 - Leader MaxMustermann6', 9, 7),
  (10, 'Default-P10', 'Default component for Project 10 - 1. Component of Project 10 - Leader MaxMustermann7', 10, 8),
  (11, 'Default-P11', 'Default component for Project 11 - 1. Component of Project 11 - Leader MaxMustermann7', 11, 8),
  (12, 'Default-P12', 'Default component for Project 12 - 1. Component of Project 12 - Leader MaxMustermann7', 12, 8),
  (13, 'Default-P13', 'Default component for Project 13 - 1. Component of Project 13 - Leader MaxMustermann7', 13, 8),
  (14, 'Default-P14', 'Default component for Project 14 - 1. Component of Project 14 - Leader MaxMustermann7', 14, 8),
  (15, 'Default-P15', 'Default component for Project 15 - 1. Component of Project 15 - Leader MaxMustermann7', 15, 8),
  (16, 'Default-P16', 'Default component for Project 16 - 1. Component of Project 16 - Leader MaxMustermann7', 16, 8),
  (17, 'Default-P17', 'Default component for Project 17 - 1. Component of Project 17 - Leader MaxMustermann7', 17, 8),
  (18, 'Default-P18', 'Default component for Project 18 - 1. Component of Project 18 - Leader MaxMustermann7', 18, 8),
  (19, 'Default-P19', 'Default component for Project 19 - 1. Component of Project 19 - Leader MaxMustermann7', 19, 8),
  (20, 'Default-P20', 'Default component for Project 20 - 1. Component of Project 20 - Leader MaxMustermann7', 20, 8),
  (21, 'Default-P21', 'Default component for Project 21 - 1. Component of Project 21 - Leader MaxMustermann7', 21, 8),
  (22, 'Default-P22', 'Default component for Project 22 - 1. Component of Project 22 - Leader MaxMustermann7', 22, 8),
  (23, 'Default-P23', 'Default component for Project 23 - 1. Component of Project 23 - Leader MaxMustermann7', 23, 8),
  (24, 'Default-P24', 'Default component for Project 24 - 1. Component of Project 24 - Leader MaxMustermann7', 24, 8),
  (25, 'Default-P25', 'Default component for Project 25 - 1. Component of Project 25 - Leader MaxMustermann7', 25, 8),

  (26, 'Component 26', 'Component 26 - 2. Component of Project 1 - 20 unrealized Requirements - Leader MaxMustermann1', 1, 2),
  (27, 'Component 27', 'Component 27 - 3. Component of Project 1 - Leader MaxMustermann1', 1, 2),
  (28, 'Component 28', 'Component 28 - 4. Component of Project 1 - Leader MaxMustermann1', 1, 2),
  (29, 'Component 29', 'Component 29 - 5. Component of Project 1 - Leader MaxMustermann1', 1, 2),
  (30, 'Component 30', 'Component 30 - 6. Component of Project 1 - Leader MaxMustermann1', 1, 2),
  (31, 'Component 31', 'Component 31 - 7. Component of Project 1 - Leader MaxMustermann2', 1, 3),
  (32, 'Component 32', 'Component 32 - 8. Component of Project 1 - Leader MaxMustermann3', 1, 4),
  (33, 'Component 33', 'Component 33 - 9. Component of Project 1 - Leader MaxMustermann4', 1, 5),
  (34, 'Component 34', 'Component 34 - 10. Component of Project 1 - Leader MaxMustermann5', 1, 6),
  (35, 'Component 35', 'Component 35 - 11. Component of Project 1 - Leader MaxMustermann6', 1, 7),
  (36, 'Component 36', 'Component 36 - 12. Component of Project 1 - Leader MaxMustermann7', 1, 8),
  (37, 'Component 37', 'Component 37 - 13. Component of Project 1 - Leader MaxMustermann8', 1, 9),
  (38, 'Component 38', 'Component 38 - 14. Component of Project 1 - Leader MaxMustermann9', 1, 10),
  (39, 'Component 39', 'Component 39 - 15. Component of Project 1 - Leader MaxMustermann10', 1, 11),
  (40, 'Component 40', 'Component 40 - 16. Component of Project 1 - Leader MaxMustermann11', 1, 12),
  (41, 'Component 41', 'Component 41 - 17. Component of Project 1 - Leader MaxMustermann12', 1, 13),
  (42, 'Component 42', 'Component 42 - 18. Component of Project 1 - Leader MaxMustermann13', 1, 14),
  (43, 'Component 43', 'Component 43 - 19. Component of Project 1 - Leader MaxMustermann14', 1, 15),
  (44, 'Component 44', 'Component 44 - 20. Component of Project 1 - Leader MaxMustermann15', 1, 16),
  (45, 'Component 45', 'Component 45 - 21. Component of Project 1 - Leader MaxMustermann16', 1, 17),
  (46, 'Component 46', 'Component 46 - 22. Component of Project 1 - Leader MaxMustermann17', 1, 18),
  (47, 'Component 47', 'Component 47 - 23. Component of Project 1 - Leader MaxMustermann18', 1, 19),
  (48, 'Component 48', 'Component 48 - 24. Component of Project 1 - Leader MaxMustermann18', 1, 19),
  (49, 'Component 49', 'Component 49 - 25. Component of Project 1 - Leader MaxMustermann18', 1, 19),
  (50, 'Component 50', 'Component 50 - 26. Component of Project 1 - Leader MaxMustermann18', 1, 19),

  (51, 'Component 51', 'Component 51 - 2. Component of Project 2 - 30 unrealized Requirements - Leader MaxMustermann18', 2, 19),
  (52, 'Component 52', 'Component 52 - 3. Component of Project 2 - 2 Requirements which are in multiple components - Leader MaxMustermann18', 2, 19),
  (53, 'Component 53', 'Component 53 - 4. Component of Project 2 - 2 Requirements which are in multiple components - Leader MaxMustermann18', 2, 19),
  (54, 'Component 54', 'Component 54 - 5. Component of Project 2 - 2 Requirements which are in multiple components - Leader MaxMustermann18', 2, 19),
  (55, 'Component 55', 'Component 55 - 6. Component of Project 2 - 2 Requirements which are in multiple components - Leader MaxMustermann18', 2, 19),
  (56, 'Component 56', 'Component 56 - 7. Component of Project 2 - 2 Requirements which are in multiple components - Leader MaxMustermann18', 2, 19),
  (57, 'Component 57', 'Component 57 - 8. Component of Project 2 - Leader MaxMustermann18', 2, 19),
  (58, 'Component 58', 'Component 58 - 9. Component of Project 2 - Leader MaxMustermann18', 2, 19),
  (59, 'Component 59', 'Component 59 - 10. Component of Project 2 - Leader MaxMustermann18', 2, 19),
  (60, 'Component 60', 'Component 60 - 11. Component of Project 2 - Leader MaxMustermann18', 2, 19),
  (61, 'Component 61', 'Component 61 - 12. Component of Project 2 - Leader MaxMustermann18', 2, 19),
  (62, 'Component 62', 'Component 62 - 13. Component of Project 2 - Leader MaxMustermann18', 2, 19),
  (63, 'Component 63', 'Component 63 - 14. Component of Project 2 - Leader MaxMustermann18', 2, 19),
  (64, 'Component 64', 'Component 64 - 15. Component of Project 2 - Leader MaxMustermann18', 2, 19),
  (65, 'Component 65', 'Component 65 - 16. Component of Project 2 - Leader MaxMustermann18', 2, 19),
  (66, 'Component 66', 'Component 66 - 17. Component of Project 2 - Leader MaxMustermann18', 2, 19),
  (67, 'Component 67', 'Component 67 - 18. Component of Project 2 - Leader MaxMustermann18', 2, 19),
  (68, 'Component 68', 'Component 68 - 19. Component of Project 2 - Leader MaxMustermann18', 2, 19),
  (69, 'Component 69', 'Component 69 - 20. Component of Project 2 - Leader MaxMustermann18', 2, 19),
  (70, 'Component 70', 'Component 70 - 21. Component of Project 2 - Leader MaxMustermann18', 2, 19),
  (71, 'Component 71', 'Component 71 - 22. Component of Project 2 - Leader MaxMustermann18', 2, 19),
  (72, 'Component 72', 'Component 72 - 23. Component of Project 2 - Leader MaxMustermann18', 2, 19),
  (73, 'Component 73', 'Component 73 - 24. Component of Project 2 - Leader MaxMustermann18', 2, 19),
  (74, 'Component 74', 'Component 74 - 25. Component of Project 2 - Leader MaxMustermann18', 2, 19),
  (75, 'Component 75', 'Component 75 - 26. Component of Project 2 - Leader MaxMustermann18', 2, 19),
  (76, 'Component 76', 'Component 76 - 27. Component of Project 2 - Leader MaxMustermann18', 2, 19),
  (77, 'Component 77', 'Component 77 - 28. Component of Project 2 - Leader MaxMustermann18', 2, 19),
  (78, 'Component 78', 'Component 78 - 29. Component of Project 2 - Leader MaxMustermann18', 2, 19),
  (79, 'Component 79', 'Component 79 - 30. Component of Project 2 - Leader MaxMustermann18', 2, 19),
  (80, 'Component 80', 'Component 80 - 31. Component of Project 2 - Leader MaxMustermann18', 2, 19),
  (81, 'Component 81', 'Component 81 - 32. Component of Project 2 - Leader MaxMustermann18', 2, 19),
  (82, 'Component 82', 'Component 82 - 33. Component of Project 2 - Leader MaxMustermann18', 2, 19),
  (83, 'Component 83', 'Component 83 - 34. Component of Project 2 - Leader MaxMustermann18', 2, 19),
  (84, 'Component 84', 'Component 84 - 35. Component of Project 2 - Leader MaxMustermann18', 2, 19),
  (85, 'Component 85', 'Component 85 - 36. Component of Project 2 - Leader MaxMustermann18', 2, 19),
  (86, 'Component 86', 'Component 86 - 37. Component of Project 2 - Leader MaxMustermann18', 2, 19),
  (87, 'Component 87', 'Component 87 - 38. Component of Project 2 - Leader MaxMustermann18', 2, 19),
  (88, 'Component 88', 'Component 88 - 39. Component of Project 2 - Leader MaxMustermann18', 2, 19),
  (89, 'Component 89', 'Component 89 - 40. Component of Project 2 - Leader MaxMustermann18', 2, 19),
  (90, 'Component 90', 'Component 90 - 41. Component of Project 2 - Leader MaxMustermann18', 2, 19);

REPLACE INTO `reqbaz`.`requirements`
(`Id`, `title`, `description`, `realized`, `Lead_developer_Id`, `Creator_Id`, `Project_Id`)
VALUES
  (1, 'Requirement 1', 'Requirement 1 - 1. Requirement of Component 1 - 20 normal comments - 20 attachments', NULL, 2, 2, 1),
  (2, 'Requirement 2', 'Requirement 2 - 2. Requirement of Component 1 - 30 comments with belongsTo comments - 10 attachments', NULL, 2, 2, 1),
  (3, 'Requirement 3', 'Requirement 3 - 3. Requirement of Component 1', NULL, 2, 2, 1),
  (4, 'Requirement 4', 'Requirement 4 - 4. Requirement of Component 1', NULL, 2, 2, 1),
  (5, 'Requirement 5', 'Requirement 5 - 5. Requirement of Component 1', NULL, 2, 2, 1),
  (6, 'Requirement 6', 'Requirement 6 - 6. Requirement of Component 1', NULL, 2, 2, 1),
  (7, 'Requirement 7', 'Requirement 7 - 7. Requirement of Component 1', NULL, 2, 2, 1),
  (8, 'Requirement 8', 'Requirement 8 - 8. Requirement of Component 1', NULL, 2, 2, 1),
  (9, 'Requirement 9', 'Requirement 9 - 9. Requirement of Component 1', NULL, 2, 2, 1),
  (10, 'Requirement 10', 'Requirement 10 - 10. Requirement of Component 1 - No lead developer', NULL, NULL, 2, 1),
  (11, 'Requirement 11', 'Requirement 11 - 11. Requirement of Component 1 - No lead developer', NULL, NULL, 2, 1),
  (12, 'Requirement 12', 'Requirement 12 - 12. Requirement of Component 1 - No lead developer', NULL, NULL, 3, 1),
  (13, 'Requirement 13', 'Requirement 13 - 13. Requirement of Component 1 - No lead developer', NULL, NULL, 4, 1),
  (14, 'Requirement 14', 'Requirement 14 - 14. Requirement of Component 1 - No lead developer', NULL, NULL, 5, 1),
  (15, 'Requirement 15', 'Requirement 15 - 15. Requirement of Component 1 - No lead developer', NULL, NULL, 6, 1),
  (16, 'Requirement 16', 'Requirement 16 - 16. Requirement of Component 1 - No lead developer', NULL, NULL, 7, 1),
  (17, 'Requirement 17', 'Requirement 17 - 17. Requirement of Component 1 - No lead developer', NULL, NULL, 8, 1),
  (18, 'Requirement 18', 'Requirement 18 - 18. Requirement of Component 1', NULL, 5, 9, 1),
  (19, 'Requirement 19', 'Requirement 19 - 19. Requirement of Component 1', NULL, 6, 10, 1),
  (20, 'Requirement 20', 'Requirement 20 - 20. Requirement of Component 1', NULL, 19, 11, 1),
  (21, 'Requirement 21', 'Requirement 21 - 21. Requirement of Component 1', NULL, 19, 12, 1),
  (22, 'Requirement 22', 'Requirement 22 - 22. Requirement of Component 1', NULL, 19, 13, 1),
  (23, 'Requirement 23', 'Requirement 23 - 23. Requirement of Component 1', NULL, 19, 14, 1),
  (24, 'Requirement 24', 'Requirement 24 - 24. Requirement of Component 1', NULL, 7, 15, 1),
  (25, 'Requirement 25', 'Requirement 25 - 25. Requirement of Component 1', NULL, 1, 16, 1),
  (26, 'Requirement 26', 'Requirement 26 - 26. Requirement of Component 1', NULL, 8, 17, 1),
  (27, 'Requirement 27', 'Requirement 27 - 27. Requirement of Component 1', NULL, 8, 18, 1),
  (28, 'Requirement 28', 'Requirement 28 - 28. Requirement of Component 1', NULL, 8, 19, 1),
  (29, 'Requirement 29', 'Requirement 29 - 29. Requirement of Component 1', NULL, 8, 19, 1),
  (30, 'Requirement 30', 'Requirement 30- 30. Requirement of Component 1', NULL, 8, 19, 1),

  (31, 'Requirement 31', 'Requirement 31 - 1. Requirement of Component 26', NULL, 8, 19, 1),
  (32, 'Requirement 32', 'Requirement 32 - 2. Requirement of Component 26', NULL, 8, 19, 1),
  (33, 'Requirement 33', 'Requirement 33 - 3. Requirement of Component 26', NULL, 8, 19, 1),
  (34, 'Requirement 34', 'Requirement 34 - 4. Requirement of Component 26', NULL, 9, 20, 1),
  (35, 'Requirement 35', 'Requirement 35 - 5. Requirement of Component 26', NULL, 10, 2, 1),
  (36, 'Requirement 36', 'Requirement 36 - 6. Requirement of Component 26', NULL, 11, 3, 1),
  (37, 'Requirement 37', 'Requirement 37 - 7. Requirement of Component 26', NULL, 12, 3, 1),
  (38, 'Requirement 38', 'Requirement 38 - 8. Requirement of Component 26', NULL, 14, 3, 1),
  (39, 'Requirement 39', 'Requirement 39 - 9. Requirement of Component 26', NULL, 15, 3, 1),
  (40, 'Requirement 40', 'Requirement 40 - 10. Requirement of Component 26', NULL, 19, 2, 1),
  (41, 'Requirement 41', 'Requirement 41 - 11. Requirement of Component 26', NULL, 19, 2, 1),
  (42, 'Requirement 42', 'Requirement 42 - 12. Requirement of Component 26', NULL, 19, 3, 1),
  (43, 'Requirement 43', 'Requirement 43 - 13. Requirement of Component 26', NULL, 19, 3, 1),
  (44, 'Requirement 44', 'Requirement 44 - 14. Requirement of Component 26', NULL, 19, 3, 1),
  (45, 'Requirement 45', 'Requirement 45 - 15. Requirement of Component 26', NULL, 19, 3, 1),
  (46, 'Requirement 46', 'Requirement 46 - 16. Requirement of Component 26', NULL, 19, 3, 1),
  (47, 'Requirement 47', 'Requirement 47 - 17. Requirement of Component 26', NULL, 19, 3, 1),
  (48, 'Requirement 48', 'Requirement 48 - 18. Requirement of Component 26', NULL, 19, 3, 1),
  (49, 'Requirement 49', 'Requirement 49 - 19. Requirement of Component 26', NULL, 19, 3, 1),
  (50, 'Requirement 50', 'Requirement 50 - 20. Requirement of Component 26', NULL, 19, 3, 1),

  (51, 'Requirement 51', 'Requirement 51 - 1. realized Requirement of Component 2', NOW(), 19, 2, 2),
  (52, 'Requirement 52', 'Requirement 52 - 2. realized Requirement of Component 2', NOW(), 19, 3, 2),
  (53, 'Requirement 53', 'Requirement 53 - 3. realized Requirement of Component 2', NOW(), 19, 3, 2),
  (54, 'Requirement 54', 'Requirement 54 - 4. realized Requirement of Component 2', NOW(), 19, 3, 2),
  (55, 'Requirement 55', 'Requirement 55 - 5. realized Requirement of Component 2', NOW(), 19, 3, 2),
  (56, 'Requirement 56', 'Requirement 56 - 6. realized Requirement of Component 2', NOW(), 19, 3, 2),
  (57, 'Requirement 57', 'Requirement 57 - 7. realized Requirement of Component 2', NOW(), 19, 3, 2),
  (58, 'Requirement 58', 'Requirement 58 - 8. realized Requirement of Component 2', NOW(), 19, 3, 2),
  (59, 'Requirement 59', 'Requirement 59 - 9. realized Requirement of Component 2', NOW(), 19, 3, 2),
  (60, 'Requirement 60', 'Requirement 60 - 10. realized Requirement of Component 2', NOW(), 19, 3, 2),
  (61, 'Requirement 61', 'Requirement 61 - 1. unrealized Requirement of Component 2', NULL, 19, 2, 2),
  (62, 'Requirement 62', 'Requirement 62 - 2. unrealized Requirement of Component 2', NULL, 19, 3, 2),
  (63, 'Requirement 63', 'Requirement 63 - 3. unrealized Requirement of Component 2', NULL, 19, 3, 2),
  (64, 'Requirement 64', 'Requirement 64 - 4. unrealized Requirement of Component 2', NULL, 19, 3, 2),
  (65, 'Requirement 65', 'Requirement 65 - 5. unrealized Requirement of Component 2', NULL, 19, 3, 2),
  (66, 'Requirement 66', 'Requirement 66 - 6. unrealized Requirement of Component 2', NULL, 19, 3, 2),
  (67, 'Requirement 67', 'Requirement 67 - 7. unrealized Requirement of Component 2', NULL, 19, 3, 2),
  (68, 'Requirement 68', 'Requirement 68 - 8. unrealized Requirement of Component 2', NULL, 19, 3, 2),
  (69, 'Requirement 69', 'Requirement 69 - 9. unrealized Requirement of Component 2', NULL, 19, 3, 2),
  (70, 'Requirement 70', 'Requirement 70 - 10. unrealized Requirement of Component 2', NULL, 19, 3, 2),

  (71, 'Requirement 71', 'Requirement 71 - 1. Requirement of Component 51', NULL, 8, 19, 2),
  (72, 'Requirement 72', 'Requirement 72 - 2. Requirement of Component 51', NULL, 8, 19, 2),
  (73, 'Requirement 73', 'Requirement 73 - 3. Requirement of Component 51', NULL, 8, 19, 2),
  (74, 'Requirement 74', 'Requirement 74 - 4. Requirement of Component 51', NULL, 9, 20, 2),
  (75, 'Requirement 75', 'Requirement 75 - 5. Requirement of Component 51', NULL, 10, 2, 2),
  (76, 'Requirement 76', 'Requirement 76 - 6. Requirement of Component 51', NULL, 11, 3, 2),
  (77, 'Requirement 77', 'Requirement 77 - 7. Requirement of Component 51', NULL, 12, 3, 2),
  (78, 'Requirement 78', 'Requirement 78 - 8. Requirement of Component 51', NULL, 14, 3, 2),
  (79, 'Requirement 79', 'Requirement 79 - 9. Requirement of Component 51', NULL, 15, 3, 2),
  (80, 'Requirement 70', 'Requirement 80 - 10. Requirement of Component 51', NULL, 19, 2, 2),
  (81, 'Requirement 81', 'Requirement 81 - 11. Requirement of Component 51', NULL, 19, 2, 2),
  (82, 'Requirement 82', 'Requirement 82 - 12. Requirement of Component 51', NULL, 19, 3, 2),
  (83, 'Requirement 83', 'Requirement 83 - 13. Requirement of Component 51', NULL, 19, 3, 2),
  (84, 'Requirement 84', 'Requirement 84 - 14. Requirement of Component 51', NULL, 19, 3, 2),
  (85, 'Requirement 85', 'Requirement 85 - 15. Requirement of Component 51', NULL, 19, 3, 2),
  (86, 'Requirement 86', 'Requirement 86 - 16. Requirement of Component 51', NULL, 19, 3, 2),
  (87, 'Requirement 87', 'Requirement 87 - 17. Requirement of Component 51', NULL, 19, 3, 2),
  (88, 'Requirement 88', 'Requirement 88 - 18. Requirement of Component 51', NULL, 19, 3, 2),
  (89, 'Requirement 89', 'Requirement 89 - 19. Requirement of Component 51', NULL, 19, 3, 2),
  (90, 'Requirement 90', 'Requirement 90 - 20. Requirement of Component 51', NULL, 19, 3, 2),
  (91, 'Requirement 91', 'Requirement 91 - 31. Requirement of Component 51', NULL, 8, 19, 2),
  (92, 'Requirement 92', 'Requirement 92 - 32. Requirement of Component 51', NULL, 8, 19, 2),
  (93, 'Requirement 93', 'Requirement 93 - 33. Requirement of Component 51', NULL, 8, 19, 2),
  (94, 'Requirement 94', 'Requirement 94 - 34. Requirement of Component 51', NULL, 9, 20, 2),
  (95, 'Requirement 95', 'Requirement 95 - 35. Requirement of Component 51', NULL, 10, 2, 2),
  (96, 'Requirement 96', 'Requirement 96 - 36. Requirement of Component 51', NULL, 11, 3, 2),
  (97, 'Requirement 97', 'Requirement 97 - 37. Requirement of Component 51', NULL, 12, 3, 2),
  (98, 'Requirement 98', 'Requirement 98 - 38. Requirement of Component 51', NULL, 14, 3, 2),
  (99, 'Requirement 99', 'Requirement 99 - 39. Requirement of Component 51', NULL, 15, 3, 2),
  (100, 'Requirement 40', 'Requirement 100 - 40. Requirement of Component 51', NULL, 19, 2, 2),

  (101, 'Requirement 101', 'Requirement 101 - 1. Requirement of Component 52, 53, 54, 55, 56', NULL, 19, 2, 1),
  (102, 'Requirement 102', 'Requirement 102 - 2. Requirement of Component 52, 53, 54, 55, 56', NULL, 19, 3, 1);

REPLACE INTO `reqbaz`.`tags`
(`Id`, `Components_Id`, `Requirements_Id`)
VALUES
  (1, 1, 1),
  (2, 1, 2),
  (3, 1, 3),
  (4, 1, 4),
  (5, 1, 5),
  (6, 1, 6),
  (7, 1, 7),
  (8, 1, 8),
  (9, 1, 9),
  (10, 1, 10),
  (11, 1, 11),
  (12, 1, 12),
  (13, 1, 13),
  (14, 1, 14),
  (15, 1, 15),
  (16, 1, 16),
  (17, 1, 17),
  (18, 1, 18),
  (19, 1, 19),
  (20, 1, 20),
  (21, 1, 21),
  (22, 1, 22),
  (23, 1, 23),
  (24, 1, 24),
  (25, 1, 25),
  (26, 1, 26),
  (27, 1, 27),
  (28, 1, 28),
  (29, 1, 29),
  (30, 1, 30),

  (31, 26, 31),
  (32, 26, 32),
  (33, 26, 33),
  (34, 26, 34),
  (35, 26, 35),
  (36, 26, 36),
  (37, 26, 37),
  (38, 26, 38),
  (39, 26, 39),
  (40, 26, 40),
  (41, 26, 41),
  (42, 26, 42),
  (43, 26, 43),
  (44, 26, 44),
  (45, 26, 45),
  (46, 26, 46),
  (47, 26, 47),
  (48, 26, 48),
  (49, 26, 49),
  (50, 26, 50),

  (51, 2, 51),
  (52, 2, 52),
  (53, 2, 53),
  (54, 2, 54),
  (55, 2, 55),
  (56, 2, 56),
  (57, 2, 57),
  (58, 2, 58),
  (59, 2, 59),
  (60, 2, 60),
  (61, 2, 61),
  (62, 2, 62),
  (63, 2, 63),
  (64, 2, 64),
  (65, 2, 65),
  (66, 2, 66),
  (67, 2, 67),
  (68, 2, 68),
  (69, 2, 69),
  (70, 2, 70),

  (71, 51, 71),
  (72, 51, 72),
  (73, 51, 73),
  (74, 51, 74),
  (75, 51, 75),
  (76, 51, 76),
  (77, 51, 77),
  (78, 51, 78),
  (79, 51, 79),
  (80, 51, 80),
  (81, 51, 81),
  (82, 51, 82),
  (83, 51, 83),
  (84, 51, 84),
  (85, 51, 85),
  (86, 51, 86),
  (87, 51, 87),
  (88, 51, 88),
  (89, 51, 89),
  (90, 51, 90),
  (91, 51, 91),
  (92, 51, 92),
  (93, 51, 93),
  (94, 51, 94),
  (95, 51, 95),
  (96, 51, 96),
  (97, 51, 97),
  (98, 51, 98),
  (99, 51, 99),
  (100, 51, 100),

  (101, 52, 101),
  (102, 53, 101),
  (103, 54, 101),
  (104, 55, 101),
  (105, 56, 101),

  (106, 52, 102),
  (107, 53, 102),
  (108, 54, 102),
  (109, 55, 102),
  (110, 56, 102);

REPLACE INTO `reqbaz`.`requirement_follower`
(`Id`, `Requirement_Id`, `User_Id`)
VALUES
  (1, 1, 2),
  (2, 1, 3),
  (3, 1, 2),
  (4, 1, 5),
  (5, 1, 6),
  (6, 2, 3),
  (7, 2, 4),
  (8, 2, 5),
  (9, 2, 6),
  (10, 2, 16),
  (11, 2, 18),
  (12, 2, 19),
  (13, 3, 20),
  (14, 3, 24),
  (15, 4, 30),
  (16, 5, 31),
  (17, 6, 19),
  (18, 7, 40),
  (19, 8, 29),
  (20, 8, 29);

REPLACE INTO `reqbaz`.`component_follower`
(`Id`, `Component_Id`, `User_Id`)
VALUES
  (1, 1, 2),
  (2, 1, 3),
  (3, 1, 4),
  (4, 1, 5),
  (5, 1, 6),
  (6, 2, 3),
  (7, 2, 4),
  (8, 2, 5),
  (9, 2, 6);

REPLACE INTO `reqbaz`.`project_follower`
(`Id`, `Project_Id`, `User_Id`)
VALUES
  (1, 1, 2),
  (2, 1, 3),
  (3, 1, 4),
  (4, 1, 5),
  (5, 1, 6),
  (6, 2, 3),
  (7, 2, 4),
  (8, 2, 5),
  (9, 2, 6);

REPLACE INTO `reqbaz`.`developers`
(`Id`, `Requirement_Id`, `User_Id`)
VALUES
  (1, 1, 2),
  (2, 1, 3),
  (3, 1, 4),
  (4, 1, 5),
  (5, 1, 6),
  (6, 1, 4),
  (7, 2, 2),
  (8, 2, 3),
  (9, 2, 4),
  (10, 2, 5),
  (11, 2, 6),
  (12, 2, 7),
  (13, 3, 5),
  (14, 3, 6),
  (15, 3, 7),
  (16, 4, 8),
  (17, 4, 9),
  (18, 4, 10),
  (19, 5, 11),
  (20, 6, 12);

REPLACE INTO `reqbaz`.`comments`
(`Id`, `message`, `Requirement_Id`, `BelongsToComment_Id`, `User_Id`)
VALUES
  (1, 'Comment 1 - 1. Comment of Requirement 1', 1, NULL, 2),
  (2, 'Comment 2 - 2. Comment of Requirement 1', 1, NULL, 2),
  (3, 'Comment 3 - 3. Comment of Requirement 1', 1, NULL, 2),
  (4, 'Comment 4 - 4. Comment of Requirement 1', 1, NULL, 2),
  (5, 'Comment 5 - 5. Comment of Requirement 1', 1, NULL, 2),
  (6, 'Comment 6 - 6. Comment of Requirement 1', 1, NULL, 2),
  (7, 'Comment 7 - 7. Comment of Requirement 1', 1, NULL, 2),
  (8, 'Comment 8 - 8. Comment of Requirement 1', 1, NULL, 2),
  (9, 'Comment 9 - 9. Comment of Requirement 1', 1, NULL, 2),
  (10, 'Comment 10 - 10. Comment of Requirement 1', 1, NULL, 3),
  (11, 'Comment 11 - 11. Comment of Requirement 1', 1, NULL, 4),
  (12, 'Comment 12 - 12. Comment of Requirement 1', 1, NULL, 2),
  (13, 'Comment 13 - 13. Comment of Requirement 1', 1, NULL, 3),
  (14, 'Comment 14 - 14. Comment of Requirement 1', 1, NULL, 4),
  (15, 'Comment 15 - 15. Comment of Requirement 1', 1, NULL, 2),
  (16, 'Comment 16 - 16. Comment of Requirement 1', 1, NULL, 3),
  (17, 'Comment 17 - 17. Comment of Requirement 1', 1, NULL, 4),
  (18, 'Comment 18 - 18. Comment of Requirement 1', 1, NULL, 2),
  (19, 'Comment 19 - 19. Comment of Requirement 1', 1, NULL, 2),
  (20, 'Comment 20 - 20. Comment of Requirement 1', 1, NULL, 3),

  (21, 'Comment 21 - 1. Comment of Requirement 2', 2, NULL, 4),
  (22, 'Comment 22 - 2. Comment of Requirement 2', 2, NULL, 2),
  (23, 'Comment 23 - 3. Comment of Requirement 2', 2, NULL, 3),
  (24, 'Comment 24 - 4. Comment of Requirement 2', 2, NULL, 4),
  (25, 'Comment 25 - 1. Reply of Comment 1', 2, 1, 2),
  (26, 'Comment 26 - 2. Reply of Comment 1', 2, 1, 3),
  (27, 'Comment 27 - 3. Reply of Comment 1', 2, 1, 4),
  (28, 'Comment 28 - 1. Reply of Comment 2', 2, 2, 2),
  (29, 'Comment 29 - 2. Reply of Comment 2', 2, 2, 2),
  (30, 'Comment 30 - 5. Comment of Requirement 2', 2, NULL, 2),
  (31, 'Comment 31 - 6. Comment of Requirement 2', 2, NULL, 4),
  (32, 'Comment 32 - 7. Comment of Requirement 2', 2, NULL, 2),
  (33, 'Comment 33 - 8. Comment of Requirement 2', 2, NULL, 3),
  (34, 'Comment 34 - 9. Comment of Requirement 2', 2, NULL, 4),
  (35, 'Comment 35 - 10. Comment of Requirement 2', 2, NULL, 2),
  (36, 'Comment 36 - 1. Reply of Comment 5', 2, NULL, 3),
  (37, 'Comment 37 - 2. Reply of Comment 5', 2, NULL, 4),
  (38, 'Comment 38 - 3. Reply of Comment 5', 2, NULL, 2),
  (39, 'Comment 39 - 4. Reply of Comment 5', 2, NULL, 2),
  (40, 'Comment 40 - 5. Reply of Comment 5', 2, NULL, 2),
  (41, 'Comment 41 - 6. Reply of Comment 5', 2, NULL, 4),
  (42, 'Comment 42 - 7. Reply of Comment 5', 2, NULL, 2),
  (43, 'Comment 43 - 8. Reply of Comment 5', 2, NULL, 3),
  (44, 'Comment 44 - 9. Reply of Comment 5', 2, NULL, 4),
  (45, 'Comment 45 - 10. Reply of Comment 5', 2, NULL, 2),
  (46, 'Comment 46 - 11. Reply of Comment 5', 2, NULL, 3),
  (47, 'Comment 47 - 12. Reply of Comment 5', 2, NULL, 4),
  (48, 'Comment 48 - 13. Reply of Comment 5', 2, NULL, 2),
  (49, 'Comment 49 - 14. Reply of Comment 5', 2, NULL, 2),
  (50, 'Comment 50 - 15. Reply of Comment 5', 2, NULL, 2);

REPLACE INTO `reqbaz`.`attachments`
(`Id`, `Requirement_Id`, `User_Id`, `Title`, `description`, `Mime_Type`, `identifier`, `fileUrl`)
VALUES
  (1, 1, 2, 'Image 1', 'Image Attachment 1 - 1. Attachment of Requirement 1', 'image/jpeg', 'affe1', 'https://localhost:8080/fileservice/affe1'),
  (2, 1, 2, 'Image 2', 'Image Attachment 2 - 2. Attachment of Requirement 1', 'image/jpeg', 'affe2', 'https://localhost:8080/fileservice/affe2'),
  (3, 1, 2, 'Image 3', 'Image Attachment 3 - 3. Attachment of Requirement 1', 'image/jpeg', 'affe3', 'https://localhost:8080/fileservice/affe3'),
  (4, 1, 3, 'Image 4', 'Image Attachment 4 - 4. Attachment of Requirement 1', 'image/jpeg', 'affe4', 'https://localhost:8080/fileservice/affe4'),
  (5, 1, 4, 'Image 5', 'Image Attachment 5 - 5. Attachment of Requirement 1', 'image/jpeg', 'affe5', 'https://localhost:8080/fileservice/affe5'),
  (6, 1, 5, 'Image 6', 'Image Attachment 6 - 6. Attachment of Requirement 1', 'image/jpeg', 'affe6', 'https://localhost:8080/fileservice/affe6'),
  (7, 1, 6, 'Image 7', 'Image Attachment 7 - 7. Attachment of Requirement 1', 'image/jpeg', 'affe7', 'https://localhost:8080/fileservice/affe7'),
  (8, 1, 7, 'Image 8', 'Image Attachment 8 - 8. Attachment of Requirement 1', 'image/jpeg', 'affe8', 'https://localhost:8080/fileservice/affe8'),
  (9, 1, 8, 'Image 9', 'Image Attachment 9 - 9. Attachment of Requirement 1', 'image/jpeg', 'affe9', 'https://localhost:8080/fileservice/affe9'),
  (10, 1, 9, 'Image 10', 'Image Attachment 10 - 10. Attachment of Requirement 1', 'image/jpeg', 'affe10', 'https://localhost:8080/fileservice/affe10'),
  (11, 1, 9, 'Image 11', 'Image Attachment 11 - 11. Attachment of Requirement 1', 'image/jpeg', 'affe11', 'https://localhost:8080/fileservice/affe11'),
  (12, 1, 9, 'Image 12', 'Image Attachment 12 - 12. Attachment of Requirement 1', 'image/jpeg', 'affe12', 'https://localhost:8080/fileservice/affe12'),
  (13, 1, 9, 'Image 13', 'Image Attachment 13 - 13. Attachment of Requirement 1', 'image/jpeg', 'affe13', 'https://localhost:8080/fileservice/affe13'),
  (14, 1, 9, 'Image 14', 'Image Attachment 14 - 14. Attachment of Requirement 1', 'image/jpeg', 'affe14', 'https://localhost:8080/fileservice/affe14'),
  (15, 1, 9, 'Image 15', 'Image Attachment 15 - 15. Attachment of Requirement 1', 'image/jpeg', 'affe15', 'https://localhost:8080/fileservice/affe15'),
  (16, 1, 9, 'Image 16', 'Image Attachment 16 - 16. Attachment of Requirement 1', 'image/jpeg', 'affe16', 'https://localhost:8080/fileservice/affe16'),
  (17, 1, 9, 'Image 17', 'Image Attachment 17 - 17. Attachment of Requirement 1', 'image/jpeg', 'affe17', 'https://localhost:8080/fileservice/affe17'),
  (18, 1, 9, 'Image 18', 'Image Attachment 18 - 18. Attachment of Requirement 1', 'image/jpeg', 'affe18', 'https://localhost:8080/fileservice/affe18'),
  (19, 1, 9, 'Image 19', 'Image Attachment 19 - 19. Attachment of Requirement 1', 'image/jpeg', 'affe19', 'https://localhost:8080/fileservice/affe19'),
  (20, 1, 9, 'Image 20', 'Image Attachment 20 - 20. Attachment of Requirement 1', 'image/jpeg', 'affe20', 'https://localhost:8080/fileservice/affe20'),

  (21, 2, 9, 'Image 21', 'Image Attachment 21 - 1. Attachment of Requirement 2', 'image/jpeg', 'affe21', 'https://localhost:8080/fileservice/affe21'),
  (22, 2, 9, 'Image 22', 'Image Attachment 22 - 2. Attachment of Requirement 2', 'image/jpeg', 'affe22', 'https://localhost:8080/fileservice/affe22'),
  (23, 2, 9, 'Image 23', 'Image Attachment 23 - 3. Attachment of Requirement 2', 'image/jpeg', 'affe23', 'https://localhost:8080/fileservice/affe23'),
  (24, 2, 9, 'Image 24', 'Image Attachment 24 - 4. Attachment of Requirement 2', 'image/jpeg', 'affe24', 'https://localhost:8080/fileservice/affe24'),
  (25, 2, 9, 'Image 25', 'Image Attachment 25 - 5. Attachment of Requirement 2', 'image/jpeg', 'affe25', 'https://localhost:8080/fileservice/affe25'),
  (26, 2, 9, 'Image 26', 'Image Attachment 26 - 6. Attachment of Requirement 2', 'image/jpeg', 'affe26', 'https://localhost:8080/fileservice/affe26'),
  (27, 2, 9, 'Image 27', 'Image Attachment 27 - 7. Attachment of Requirement 2', 'image/jpeg', 'affe27', 'https://localhost:8080/fileservice/affe27'),
  (28, 2, 9, 'Image 28', 'Image Attachment 28 - 8. Attachment of Requirement 2', 'image/jpeg', 'affe28', 'https://localhost:8080/fileservice/affe28'),
  (29, 2, 9, 'Image 29', 'Image Attachment 29 - 9. Attachment of Requirement 2', 'image/jpeg', 'affe29', 'https://localhost:8080/fileservice/affe29'),
  (30, 2, 9, 'Image 20', 'Image Attachment 30 - 10. Attachment of Requirement 2', 'image/jpeg', 'affe30', 'https://localhost:8080/fileservice/affe30');

REPLACE INTO `reqbaz`.`votes`
(`Id`, `is_upvote`, `Requirement_Id`, `User_Id`)
VALUES
  (1, 1, 1, 2),
  (2, 1, 1, 3),
  (3, 1, 1, 4),
  (4, 1, 2, 3),
  (5, 1, 2, 4),
  (6, 1, 2, 3),
  (7, 1, 3, 4),
  (8, 1, 4, 4),
  (9, 1, 5, 5),
  (10, 1, 6, 6),
  (11, 1, 7, 6),
  (12, 1, 7, 7),
  (13, 1, 8, 6),
  (14, 1, 9, 6),
  (15, 1, 10, 7),
  (16, 1, 11, 6),
  (17, 1, 12, 6),
  (18, 1, 13, 7),
  (19, 1, 14, 6),
  (20, 1, 15, 6),
  (21, 1, 16, 7);

REPLACE INTO `reqbaz`.`roles` (`Id`, `name`) VALUES
  (1, 'Anonymous'),
  (2, 'LoggedInUser'),
  (3, 'ProjectAdmin'),
  (4, 'SystemAdmin');

REPLACE INTO `reqbaz`.`privileges` (`Id`, `name`) VALUES
  (1, 'Create_PROJECT'),
  (2, 'Read_PROJECT'),
  (3, 'Read_PUBLIC_PROJECT'),
  (4, 'Modify_PROJECT'),
  (5, 'Create_COMPONENT'),
  (6, 'Read_COMPONENT'),
  (7, 'Read_PUBLIC_COMPONENT'),
  (8, 'Modify_COMPONENT'),
  (9, 'Create_REQUIREMENT'),
  (10, 'Read_REQUIREMENT'),
  (11, 'Read_PUBLIC_REQUIREMENT'),
  (12, 'Modify_REQUIREMENT'),
  (13, 'Create_COMMENT'),
  (14, 'Read_COMMENT'),
  (15, 'Read_PUBLIC_COMMENT'),
  (16, 'Modify_COMMENT'),
  (17, 'Create_ATTACHMENT'),
  (18, 'Read_ATTACHMENT'),
  (19, 'Read_PUBLIC_ATTACHMENT'),
  (20, 'Modify_ATTACHMENT'),
  (21, 'Create_VOTE'),
  (22, 'Delete_VOTE'),
  (23, 'Create_FOLLOW'),
  (24, 'Delete_FOLLOW'),
  (25, 'Create_DEVELOP'),
  (26, 'Delete_DEVELOP');

REPLACE INTO `reqbaz`.`role_privilege` (`Id`, `Roles_Id`, `Privileges_Id`) VALUES
  (1, 1, 3),
  (2, 1, 7),
  (3, 1, 11),
  (4, 1, 15),
  (5, 1, 19),
  (6, 4, 1),
  (7, 4, 2),
  (8, 4, 8),
  (9, 4, 7),
  (10, 4, 6),
  (11, 4, 5),
  (12, 4, 3),
  (13, 4, 4),
  (14, 4, 9),
  (15, 4, 10),
  (16, 4, 11),
  (17, 4, 12),
  (18, 4, 13),
  (19, 4, 14),
  (20, 4, 16),
  (21, 4, 17),
  (22, 4, 18),
  (23, 4, 19),
  (24, 4, 20),
  (25, 4, 21),
  (26, 4, 22),
  (27, 4, 23),
  (28, 4, 24),
  (29, 4, 25),
  (30, 4, 26);

REPLACE INTO `reqbaz`.`role_role` (`Id`, `Child_Id`, `Parent_Id`) VALUES
  (1, 2, 1),
  (2, 3, 2),
  (3, 4, 3);

REPLACE INTO `reqbaz`.`user_role` (`Id`, `Roles_Id`, `Users_Id`) VALUES
  (1, 1, 1);

SET FOREIGN_KEY_CHECKS = 1;