SET FOREIGN_KEY_CHECKS = 0;

REPLACE INTO `reqbaz`.`users`
(`Id`, `first_name`, `last_name`, `email`, `admin`, `Las2peer_Id`, `user_name`, `profile_image`, `email_lead_items`, `email_follow_items`)
VALUES
  ('1', NULL, NULL, 'anonymous@requirements-bazaar.org', '0', '-1722613621014065292', 'anonymous',
   'https://api.learning-layers.eu/profile.png', '0', '0'),
  ('2', 'Max1', 'Mustermann1', 'Max@Mustermann1.de', '1', '1', 'MaxMustermann1', 'https://api.learning-layers.eu/profile.png', '0', '0'),
  ('3', 'Max2', 'Mustermann2', 'Max@Mustermann2.de', '1', '2', 'MaxMustermann2', 'https://api.learning-layers.eu/profile.png', '0', '0'),
  ('4', 'Max3', 'Mustermann3', 'Max@Mustermann3.de', '1', '3', 'MaxMustermann3', 'https://api.learning-layers.eu/profile.png', '0', '0'),
  ('5', 'Max4', 'Mustermann4', 'Max@Mustermann4.de', '1', '4', 'MaxMustermann4', 'https://api.learning-layers.eu/profile.png', '0', '0'),
  ('6', 'Max5', 'Mustermann5', 'Max@Mustermann5.de', '1', '5', 'MaxMustermann5', 'https://api.learning-layers.eu/profile.png', '0', '0'),
  ('7', 'Max6', 'Mustermann6', 'Max@Mustermann6.de', '1', '6', 'MaxMustermann6', 'https://api.learning-layers.eu/profile.png', '0', '0'),
  ('8', 'Max7', 'Mustermann7', 'Max@Mustermann7.de', '1', '7', 'MaxMustermann7', 'https://api.learning-layers.eu/profile.png', '0', '0'),
  ('9', 'Max8', 'Mustermann8', 'Max@Mustermann8.de', '1', '8', 'MaxMustermann8', 'https://api.learning-layers.eu/profile.png', '0', '0'),
  ('10', 'Max9', 'Mustermann9', 'Max@Mustermann9.de', '1', '9', 'MaxMustermann9', 'https://api.learning-layers.eu/profile.png', '0', '0'),
  ('11', 'Max10', 'Mustermann10', 'Max@Mustermann10.de', '0', '10', 'MaxMustermann10', 'https://api.learning-layers.eu/profile.png', '0', '0'),
  ('12', 'Max11', 'Mustermann11', 'Max@Mustermann11.de', '0', '11', 'MaxMustermann11', 'https://api.learning-layers.eu/profile.png', '0', '0'),
  ('13', 'Max12', 'Mustermann12', 'Max@Mustermann12.de', '0', '12', 'MaxMustermann12', 'https://api.learning-layers.eu/profile.png', '0', '0'),
  ('14', 'Max13', 'Mustermann13', 'Max@Mustermann13.de', '0', '13', 'MaxMustermann13', 'https://api.learning-layers.eu/profile.png', '0', '0'),
  ('15', 'Max14', 'Mustermann14', 'Max@Mustermann14.de', '0', '14', 'MaxMustermann14', 'https://api.learning-layers.eu/profile.png', '0', '0'),
  ('16', 'Max15', 'Mustermann15', 'Max@Mustermann15.de', '0', '15', 'MaxMustermann15', 'https://api.learning-layers.eu/profile.png', '0', '0'),
  ('17', 'Max16', 'Mustermann16', 'Max@Mustermann16.de', '0', '16', 'MaxMustermann16', 'https://api.learning-layers.eu/profile.png', '0', '0'),
  ('18', 'Max17', 'Mustermann17', 'Max@Mustermann17.de', '0', '17', 'MaxMustermann17', 'https://api.learning-layers.eu/profile.png', '0', '0'),
  ('19', 'Max18', 'Mustermann18', 'Max@Mustermann18.de', '0', '18', 'MaxMustermann18', 'https://api.learning-layers.eu/profile.png', '0', '0'),
  ('20', 'Max19', 'Mustermann19', 'Max@Mustermann19.de', '0', '19', 'MaxMustermann19', 'https://api.learning-layers.eu/profile.png', '0', '0'),
  ('21', 'Max20', 'Mustermann20', 'Max@Mustermann20.de', '0', '20', 'MaxMustermann20', 'https://api.learning-layers.eu/profile.png', '0', '0'),
  ('22', 'Max21', 'Mustermann21', 'Max@Mustermann21.de', '0', '21', 'MaxMustermann21', 'https://api.learning-layers.eu/profile.png', '0', '0'),
  ('23', 'Max22', 'Mustermann22', 'Max@Mustermann22.de', '0', '22', 'MaxMustermann22', 'https://api.learning-layers.eu/profile.png', '0', '0'),
  ('24', 'Max23', 'Mustermann23', 'Max@Mustermann23.de', '0', '23', 'MaxMustermann23', 'https://api.learning-layers.eu/profile.png', '0', '0'),
  ('25', 'Max24', 'Mustermann24', 'Max@Mustermann24.de', '0', '24', 'MaxMustermann24', 'https://api.learning-layers.eu/profile.png', '0', '0'),
  ('26', 'Max25', 'Mustermann25', 'Max@Mustermann25.de', '0', '25', 'MaxMustermann25', 'https://api.learning-layers.eu/profile.png', '0', '0'),
  ('27', 'Max26', 'Mustermann26', 'Max@Mustermann26.de', '0', '26', 'MaxMustermann26', 'https://api.learning-layers.eu/profile.png', '0', '0'),
  ('28', 'Max27', 'Mustermann27', 'Max@Mustermann27.de', '0', '27', 'MaxMustermann27', 'https://api.learning-layers.eu/profile.png', '0', '0'),
  ('29', 'Max28', 'Mustermann28', 'Max@Mustermann28.de', '0', '28', 'MaxMustermann28', 'https://api.learning-layers.eu/profile.png', '0', '0'),
  ('30', 'Max29', 'Mustermann29', 'Max@Mustermann29.de', '0', '29', 'MaxMustermann29', 'https://api.learning-layers.eu/profile.png', '0', '0'),
  ('31', 'Max30', 'Mustermann30', 'Max@Mustermann30.de', '0', '30', 'MaxMustermann30', 'https://api.learning-layers.eu/profile.png', '0', '0'),
  ('32', 'Max31', 'Mustermann31', 'Max@Mustermann31.de', '0', '31', 'MaxMustermann31', 'https://api.learning-layers.eu/profile.png', '0', '0'),
  ('33', 'Max32', 'Mustermann32', 'Max@Mustermann32.de', '0', '32', 'MaxMustermann32', 'https://api.learning-layers.eu/profile.png', '0', '0'),
  ('34', 'Max33', 'Mustermann33', 'Max@Mustermann33.de', '0', '33', 'MaxMustermann33', 'https://api.learning-layers.eu/profile.png', '0', '0'),
  ('35', 'Max34', 'Mustermann34', 'Max@Mustermann34.de', '0', '34', 'MaxMustermann34', 'https://api.learning-layers.eu/profile.png', '0', '0'),
  ('36', 'Max35', 'Mustermann35', 'Max@Mustermann35.de', '0', '35', 'MaxMustermann35', 'https://api.learning-layers.eu/profile.png', '0', '0'),
  ('37', 'Max36', 'Mustermann36', 'Max@Mustermann36.de', '0', '36', 'MaxMustermann36', 'https://api.learning-layers.eu/profile.png', '0', '0'),
  ('38', 'Max37', 'Mustermann37', 'Max@Mustermann37.de', '0', '37', 'MaxMustermann37', 'https://api.learning-layers.eu/profile.png', '0', '0'),
  ('39', 'Max38', 'Mustermann38', 'Max@Mustermann38.de', '0', '38', 'MaxMustermann38', 'https://api.learning-layers.eu/profile.png', '0', '0'),
  ('40', 'Max39', 'Mustermann39', 'Max@Mustermann39.de', '0', '39', 'MaxMustermann39', 'https://api.learning-layers.eu/profile.png', '0', '0'),
  ('41', 'Max40', 'Mustermann40', 'Max@Mustermann40.de', '0', '40', 'MaxMustermann40', 'https://api.learning-layers.eu/profile.png', '0', '0');

REPLACE INTO `reqbaz`.`projects`
(`Id`, `name`, `description`, `visibility`, `Leader_Id`, `Default_Components_Id`)
VALUES
  ('1', 'Project 1', 'Project 1 - Description - This project is visible - leader MaxMustermann1', '+', '2', '31'),
  ('2', 'Project 2', 'Project 2 - Description - This project is visible - leader MaxMustermann1', '+', '2', '32'),
  ('3', 'Project 3', 'Project 3 - Description - This project is visible - leader MaxMustermann1', '+', '2', '33'),
  ('4', 'Project 4', 'Project 4 - Description - This project is visible - leader MaxMustermann2', '+', '3', '34'),
  ('5', 'Project 5', 'Project 5 - Description - This project is visible - leader MaxMustermann3', '+', '3', '35'),
  ('6', 'Project 6', 'Project 6 - Description - This project is visible - leader MaxMustermann4', '+', '4', '36'),
  ('7', 'Project 7', 'Project 7 - Description - This project is visible - leader MaxMustermann5', '+', '5', '37'),
  ('8', 'Project 8',
   'Project 8 - Description - This project is visible - leader MaxMustermann6  - Has only default component',
   '+', '6', '38'),
  ('9', 'Project 9', 'Project 9 - Description - This project is not visible - leader MaxMustermann7', '-', '7', '39'),
  ('10', 'Project 10', 'Project 10 - Description - This project is not visible - leader MaxMustermann8', '-', '8',
   '40');

REPLACE INTO `reqbaz`.`components`
(`Id`, `name`, `description`, `Project_Id`, `Leader_Id`)
VALUES
  ('1', 'Component 1', 'Component  - Description', '2', '2'),
  ('2', 'Component 2', 'Component  - Description', '2', '2'),
  ('3', 'Component 3', 'Component  - Description', '2', '2'),
  ('4', 'Component 4', 'Component  - Description', '2', '2'),
  ('5', 'Component 5', 'Component  - Description', '2', '2'),
  ('6', 'Component 6', 'Component  - Description', '3', '3'),
  ('7', 'Component 7', 'Component  - Description', '4', '4'),
  ('8', 'Component 8', 'Component  - Description', '5', '5'),
  ('9', 'Component 9', 'Component  - Description', '6', '6'),
  ('10', 'Component 10', 'Component  - Description', '2', '7'),
  ('11', 'Component 11', 'Component  - Description', '2', '8'),
  ('12', 'Component 12', 'Component  - Description', '2', '9'),
  ('13', 'Component 13', 'Component  - Description', '2', '10'),
  ('14', 'Component 14', 'Component  - Description', '2', '11'),
  ('15', 'Component 15', 'Component  - Description', '3', '12'),
  ('16', 'Component 16', 'Component  - Description', '3', '13'),
  ('17', 'Component 17', 'Component  - Description', '3', '14'),
  ('18', 'Component 18', 'Component  - Description', '4', '15'),
  ('19', 'Component 19', 'Component  - Description', '4', '16'),
  ('20', 'Component 20', 'Component  - Description', '5', '17'),
  ('21', 'Component 21', 'Component  - Description', '5', '18'),
  ('22', 'Component 22', 'Component  - Description', '5', '19'),
  ('23', 'Component 23', 'Component  - Description', '6', '19'),
  ('24', 'Component 24', 'Component  - Description', '6', '19'),
  ('25', 'Component 25', 'Component  - Description', '7', '19'),
  ('26', 'Component 26', 'Component  - Description', '7', '19'),
  ('27', 'Component 27', 'Component  - Description', '9', '19'),
  ('28', 'Component 28', 'Component  - Description', '10', '19'),
  ('29', 'Component 29', 'Component  - Description', '10', '19'),
  ('30', 'Component 30', 'Component  - Description', '10', '19'),
  ('31', 'Default P1 ', 'Default component for Project 1 ', '5 ', '2'),
  ('32', 'Default-P2 ', 'Default component for Project 2 ', '2 ', '2'),
  ('33', 'Default-P3 ', 'Default component for Project 3 ', '3 ', '2'),
  ('34', 'Default-P4 ', 'Default component for Project 4 ', '4 ', '2'),
  ('35', 'Default-P5 ', 'Default component for Project 5 ', '5 ', '3'),
  ('36', 'Default-P6 ', 'Default component for Project 6 ', '6 ', '4'),
  ('37', 'Default-P7 ', 'Default component for Project 7 ', '7 ', '5'),
  ('38', 'Default-P8 ', 'Default component for Project 8 ', '8 ', '6'),
  ('39', 'Default-P9 ', 'Default component for Project 9 ', '9 ', '7'),
  ('40', 'Default-P10', 'Default component for Project 10', '10', '8');

REPLACE INTO `reqbaz`.`requirements`
(`Id`, `title`, `description`, `realized`, `Lead_developer_Id`, `Creator_Id`, `Project_Id`)
VALUES
  ('1', 'Requirement ', 'Requirement - Description', NULL, '2', '2', '1'),
  ('2', 'Requirement ', 'Requirement - Description', NULL, '2', '2', '1'),
  ('3', 'Requirement ', 'Requirement - Description', NULL, '2', '2', '1'),
  ('4', 'Requirement ', 'Requirement - Description', NULL, '2', '2', '1'),
  ('5', 'Requirement ', 'Requirement - Description', NULL, '2', '2', '1'),
  ('6', 'Requirement ', 'Requirement - Description', NULL, '2', '2', '1'),
  ('7', 'Requirement ', 'Requirement - Description', NULL, '2', '2', '1'),
  ('8', 'Requirement ', 'Requirement - Description', NULL, '2', '2', '1'),
  ('9', 'Requirement ', 'Requirement - Description', NULL, '2', '2', '3'),
  ('10', 'Requirement ', 'Requirement - Description', NULL, '2', '2', '4'),
  ('11', 'Requirement ', 'Requirement - Description', NULL, '2', '2', '5'),
  ('12', 'Requirement ', 'Requirement - Description', NULL, '3', '3', '6'),
  ('13', 'Requirement ', 'Requirement - Description', NULL, '4', '4', '7'),
  ('14', 'Requirement ', 'Requirement - Description', NULL, '5', '5', '8'),
  ('15', 'Requirement ', 'Requirement - Description', NULL, '6', '6', '8'),
  ('16', 'Requirement ', 'Requirement - Description', NULL, '3', '7', '9'),
  ('17', 'Requirement ', 'Requirement - Description', NULL, '4', '8', '10'),
  ('18', 'Requirement ', 'Requirement - Description', NULL, '5', '9', '10'),
  ('19', 'Requirement ', 'Requirement - Description', NULL, '6', '10', '10'),
  ('20', 'Requirement ', 'Requirement - Description', NULL, '19', '11', '1'),
  ('21', 'Requirement ', 'Requirement - Description', NULL, '19', '12', '1'),
  ('22', 'Requirement ', 'Requirement - Description', NULL, '19', '13', '1'),
  ('23', 'Requirement ', 'Requirement - Description', NULL, '19', '14', '1'),
  ('24', 'Requirement ', 'Requirement - Description', NULL, '7', '15', '1'),
  ('25', 'Requirement ', 'Requirement - Description', NULL, '1', '16', '1'),
  ('26', 'Requirement ', 'Requirement - Description', NULL, '8', '17', '1'),
  ('27', 'Requirement ', 'Requirement - Description', NULL, '8', '18', '1'),
  ('28', 'Requirement ', 'Requirement - Description', NULL, '8', '19', '2'),
  ('29', 'Requirement ', 'Requirement - Description', NULL, '8', '19', '2'),
  ('30', 'Requirement ', 'Requirement - Description', NULL, '8', '19', '1'),
  ('31', 'Requirement ', 'Requirement - Description', NULL, '8', '19', '1'),
  ('32', 'Requirement ', 'Requirement - Description', NULL, '8', '19', '1'),
  ('33', 'Requirement ', 'Requirement - Description', NULL, '8', '19', '1'),
  ('34', 'Requirement ', 'Requirement - Description', NULL, '9', '2', '1'),
  ('35', 'Requirement ', 'Requirement - Description', NULL, '10', '2', '1'),
  ('36', 'Requirement ', 'Requirement - Description', NULL, '11', '3', '1'),
  ('37', 'Requirement ', 'Requirement - Description', NULL, '12', '3', '1'),
  ('38', 'Requirement ', 'Requirement - Description', NULL, '14', '3', '2'),
  ('39', 'Requirement ', 'Requirement - Description', NULL, '15', '3', '2'),
  ('40', 'Requirement ', 'Requirement - Multiple Compoments', NULL, '19', '2', '1'),
  ('41', 'Requirement ', 'Requirement - Multiple Compoments', NULL, '19', '2', '2'),
  ('42', 'Requirement ', 'Requirement - Multiple Compoments', NULL, '19', '3', '3'),
  ('43', 'Requirement ', 'Requirement - Multiple Compoments', NULL, '19', '3', '4'),
  ('44', 'Requirement ', 'Requirement - Multiple Compoments', NULL, '19', '3', '5'),
  ('45', 'Requirement ', 'Requirement - Multiple Compoments', NULL, '19', '3', '6'),
  ('46', 'Requirement ', 'Requirement - Multiple Compoments', NULL, '19', '3', '7'),
  ('47', 'Requirement ', 'Requirement - Multiple Compoments', NULL, '19', '3', '9');

REPLACE INTO `reqbaz`.`tags`
(`Id`, `Components_Id`, `Requirements_Id`)
VALUES
  ('1', '1', '1'),
  ('6', '1', '2'),
  ('7', '1', '3'),
  ('8', '2', '4'),
  ('9', '2', '5'),
  ('10', '2', '6'),
  ('11', '2', '7'),
  ('12', '2', '8'),
  ('13', '2', '9'),
  ('14', '4', '10'),
  ('15', '4', '11'),
  ('16', '4', '12'),
  ('17', '4', '13'),
  ('18', '4', '14'),
  ('19', '4', '15'),
  ('20', '4', '16'),
  ('21', '4', '17'),
  ('22', '4', '18'),
  ('23', '5', '19'),
  ('24', '6', '20'),
  ('25', '7', '21'),
  ('26', '8', '22'),
  ('27', '9', '23'),
  ('28', '10', '24'),
  ('29', '11', '25'),
  ('30', '1', '26'),
  ('31', '1', '27'),
  ('32', '1', '28'),
  ('33', '1', '29'),
  ('34', '2', '30'),
  ('35', '2', '31'),
  ('36', '2', '32'),
  ('37', '2', '33'),
  ('38', '2', '34'),
  ('39', '1', '35'),
  ('40', '5', '36'),
  ('41', '4', '37'),
  ('42', '5', '38'),
  ('43', '5', '39'),
  ('44', '1', '40'),
  ('45', '2', '40'),
  ('46', '3', '40'),
  ('47', '8', '41'),
  ('48', '9', '41'),
  ('49', '10', '41'),
  ('50', '15', '42'),
  ('51', '16', '42'),
  ('52', '18', '43'),
  ('53', '19', '43'),
  ('54', '34', '43'),
  ('55', '20', '44'),
  ('56', '21', '44'),
  ('57', '22', '44'),
  ('58', '23', '45'),
  ('59', '24', '45'),
  ('59', '36', '45'),
  ('60', '25', '46'),
  ('61', '26', '46'),
  ('62', '37', '46'),
  ('63', '27', '47'),
  ('65', '39', '47');

REPLACE INTO `reqbaz`.`requirement_follower`
(`Id`, `Requirement_Id`, `User_Id`)
VALUES
  ('1', '1', '2'),
  ('2', '1', '3'),
  ('3', '1', '2'),
  ('4', '1', '5'),
  ('5', '1', '6'),
  ('6', '2', '3'),
  ('7', '2', '4'),
  ('8', '2', '5'),
  ('9', '2', '6'),
  ('10', '2', '16'),
  ('11', '2', '18'),
  ('12', '2', '19'),
  ('13', '3', '20'),
  ('14', '3', '24'),
  ('15', '4', '30'),
  ('16', '5', '31'),
  ('17', '6', '19'),
  ('18', '7', '40'),
  ('19', '8', '29'),
  ('20', '8', '29');

REPLACE INTO `reqbaz`.`component_follower`
(`Id`, `Component_Id`, `User_Id`)
VALUES
  ('1', '1', '2'),
  ('2', '1', '3'),
  ('3', '1', '4'),
  ('4', '1', '5'),
  ('5', '1', '6'),
  ('6', '2', '3'),
  ('7', '2', '4'),
  ('8', '2', '5'),
  ('9', '2', '6');

REPLACE INTO `reqbaz`.`project_follower`
(`Id`, `Project_Id`, `User_Id`)
VALUES
  ('1', '1', '2'),
  ('2', '1', '3'),
  ('3', '1', '4'),
  ('4', '1', '5'),
  ('5', '1', '6'),
  ('6', '2', '3'),
  ('7', '2', '4'),
  ('8', '2', '5'),
  ('9', '2', '6');

REPLACE INTO `reqbaz`.`developers`
(`Id`, `Requirement_Id`, `User_Id`)
VALUES
  ('1', '1', '2'),
  ('2', '1', '3'),
  ('3', '1', '4'),
  ('4', '1', '5'),
  ('5', '1', '6'),
  ('6', '1', '4'),
  ('7', '2', '2'),
  ('8', '2', '3'),
  ('9', '2', '4'),
  ('10', '2', '5'),
  ('11', '2', '6'),
  ('12', '2', '7'),
  ('13', '3', '5'),
  ('14', '3', '6'),
  ('15', '3', '7'),
  ('16', '4', '8'),
  ('17', '4', '9'),
  ('18', '4', '10'),
  ('19', '5', '11'),
  ('20', '6', '12');

REPLACE INTO `reqbaz`.`comments`
(`Id`, `message`, `Requirement_Id`, `User_Id`)
VALUES
  ('1', 'Comment', '1', '2'),
  ('2', 'Comment', '2', '2'),
  ('3', 'Comment', '2', '2'),
  ('4', 'Comment', '3', '2'),
  ('5', 'Comment', '4', '2'),
  ('6', 'Comment', '5', '2'),
  ('7', 'Comment', '5', '2'),
  ('8', 'Comment', '5', '2'),
  ('9', 'Comment', '6', '2'),
  ('10', 'Comment', '6', '3'),
  ('11', 'Comment', '6', '4'),
  ('12', 'Comment', '6', '2'),
  ('13', 'Comment', '7', '3'),
  ('14', 'Comment', '8', '4'),
  ('15', 'Comment', '9', '2'),
  ('16', 'Comment', '10', '3'),
  ('17', 'Comment', '10', '4'),
  ('18', 'Comment', '11', '2'),
  ('19', 'Comment', '12', '2'),
  ('20', 'Comment', '12', '3'),
  ('21', 'Comment', '13', '4'),
  ('22', 'Comment', '14', '2'),
  ('23', 'Comment', '15', '3'),
  ('24', 'Comment', '16', '4'),
  ('25', 'Comment', '17', '2'),
  ('26', 'Comment', '18', '3'),
  ('27', 'Comment', '19', '4'),
  ('28', 'Comment', '20', '2');

REPLACE INTO `reqbaz`.`votes`
(`Id`, `is_upvote`, `Requirement_Id`, `User_Id`)
VALUES
  ('1', '1', '1', '2'),
  ('2', '1', '2', '2'),
  ('3', '1', '1', '3'),
  ('4', '1', '2', '3'),
  ('5', '1', '3', '3'),
  ('6', '1', '2', '3'),
  ('7', '1', '3', '4'),
  ('8', '1', '4', '4'),
  ('9', '1', '5', '5'),
  ('10', '1', '6', '6'),
  ('11', '1', '7', '6'),
  ('12', '1', '7', '7'),
  ('13', '1', '8', '6'),
  ('14', '1', '9', '6'),
  ('15', '1', '10', '7'),
  ('16', '1', '11', '6'),
  ('17', '1', '12', '6'),
  ('18', '1', '13', '7'),
  ('19', '1', '14', '6'),
  ('20', '1', '15', '6'),
  ('21', '1', '16', '7');

REPLACE INTO `roles` (`Id`, `name`) VALUES
  (1, 'Anonymous'),
  (2, 'LoggedInUser'),
  (3, 'ProjectAdmin'),
  (4, 'SystemAdmin');

REPLACE INTO `privileges` (`Id`, `name`) VALUES
  (1, 'Create_PROJECT'),
  (2, 'Read_PROJECT'),
  (3, 'Read_PUBLIC_PROJECT'),
  (4, 'Modify_PROJECT'),
  (5, 'Create_COMPONENT'),
  (6, 'Read_COMPONENT'),
  (7, 'Read_PUBLIC_COMPONENT'),
  (8, 'Modify_COMPONENT'),
  (9, 'Create_REQUIREMENT'),
  (10, 'Read_REQUIREMENT'),
  (11, 'Read_PUBLIC_REQUIREMENT'),
  (12, 'Modify_REQUIREMENT'),
  (13, 'Create_COMMENT'),
  (14, 'Read_COMMENT'),
  (15, 'Read_PUBLIC_COMMENT'),
  (16, 'Modify_COMMENT'),
  (17, 'Create_ATTACHMENT'),
  (18, 'Read_ATTACHMENT'),
  (19, 'Read_PUBLIC_ATTACHMENT'),
  (20, 'Modify_ATTACHMENT'),
  (21, 'Create_VOTE'),
  (22, 'Delete_VOTE'),
  (23, 'Create_FOLLOW'),
  (24, 'Delete_FOLLOW'),
  (25, 'Create_DEVELOP'),
  (26, 'Delete_DEVELOP');

REPLACE INTO `role_privilege` (`Id`, `Roles_Id`, `Privileges_Id`) VALUES
  (1, 1, 3),
  (2, 1, 7),
  (3, 1, 11),
  (4, 1, 15),
  (5, 1, 19),
  (6, 4, 1),
  (7, 4, 2),
  (8, 4, 8),
  (9, 4, 7),
  (10, 4, 6),
  (11, 4, 5),
  (12, 4, 3),
  (13, 4, 4),
  (14, 4, 9),
  (15, 4, 10),
  (16, 4, 11),
  (17, 4, 12),
  (18, 4, 13),
  (19, 4, 14),
  (20, 4, 16),
  (21, 4, 17),
  (22, 4, 18),
  (23, 4, 19),
  (24, 4, 20),
  (25, 4, 21),
  (26, 4, 22),
  (27, 4, 23),
  (28, 4, 24),
  (29, 4, 25),
  (30, 4, 26);

REPLACE INTO `role_role` (`Id`, `Child_Id`, `Parent_Id`) VALUES
  (1, 2, 1),
  (2, 3, 2),
  (3, 4, 3);

REPLACE INTO `user_role` (`Id`, `Roles_Id`, `Users_Id`) VALUES
  (1, 1, 1);

SET FOREIGN_KEY_CHECKS = 1;









